{"cameraMode":{"drawMode":0,"name":"Shaded","section":"Shading Mode"},"sceneLighting":true,"audioPlay":false,"sceneViewState":{"m_AlwaysRefresh":false,"showFog":true,"showSkybox":true,"showFlares":true,"showImageEffects":true,"showParticleSystems":true,"showVisualEffectGraphs":true,"m_FxEnabled":true},"in2DMode":false,"pivot":{"x":10.043434143066407,"y":25.841886520385743,"z":-56.72960662841797},"rotation":{"x":0.020157551392912866,"y":0.9430338740348816,"z":-0.3271307647228241,"w":0.05841400846838951},"size":5.637365818023682,"orthographic":false}